Oi,744,1468,1433,2013,1.jpg,3000,4000
Oi,503,126,1358,1966,2.jpg,2159,2386
Oi,753,905,1574,2268,3.jpg,3000,4000
Oi,762,949,1547,2277,4.jpg,3000,4000
Oi,656,870,1793,2462,5.jpg,3000,4000
Oi,559,914,1820,2541,6.jpg,3000,4000
Oi,665,1064,1591,2242,7.jpg,3000,4000
Oi,762,378,1793,2673,8.jpg,3000,4000
Oi,762,413,1521,2338,9.jpg,3000,4000
Oi,788,642,1486,2251,10.jpg,3000,4000
Oi,515,378,1952,2796,11.jpg,3000,4000
Oi,788,809,1556,2453,12.jpg,3000,4000
Oi,691,633,1582,2338,13.jpg,3000,4000
Oi,718,1073,1415,2013,14.jpg,3000,4000
Oi,823,1547,1380,1705,15.jpg,3000,4000
Oi,823,853,1389,2163,16.jpg,3000,4000
Oi,700,1134,1398,2022,17.jpg,3000,4000
Oi,858,1582,1125,1415,18.jpg,3000,4000
Oi,973,1864,1160,1547,19.jpg,3000,4000
Oi,674,1371,1231,1855,20.jpg,3000,4000
Oi,797,1521,1240,1512,21.jpg,3000,4000
Oi,770,1002,1398,1820,22.jpg,3000,4000
Oi,823,1240,1310,1741,23.jpg,3000,4000
Oi,674,782,1574,2004,24.jpg,3000,4000
Oi,551,677,1723,2198,25.jpg,3000,4000
Oi,753,1609,1327,1653,26.jpg,3000,4000
Oi,814,1398,1626,2040,27.jpg,3000,4000
Oi,726,1415,1547,1960,28.jpg,3000,4000
Oi,709,747,1556,2057,29.jpg,3000,4000
Oi,788,1011,1732,2251,30.jpg,3000,4000
Oi,700,1301,1336,1697,31.jpg,3000,4000
Oi,638,1319,1248,1538,32.jpg,3000,4000
Oi,612,1327,1284,1530,33.jpg,3000,4000
Oi,674,1380,1477,2048,34.jpg,3000,4000
Oi,498,1099,1582,2163,35.jpg,3000,4000
Oi,507,1055,1714,2277,36.jpg,3000,4000
Oi,797,413,1688,2233,37.jpg,3000,4000
Oi,858,730,1486,2110,38.jpg,3000,4000
Oi,410,1020,1653,2242,39.jpg,3000,4000
Oi,577,1090,1415,1952,40.jpg,3000,4000
Oi,551,756,1538,2259,41.jpg,3000,4000
Oi,744,1187,1424,1881,42.jpg,3000,4000
Oi,691,888,1547,2163,43.jpg,3000,4000
Oi,533,809,1653,2224,44.jpg,3000,4000
Oi,814,809,1530,2075,45.jpg,3000,4000
Oi,726,782,1635,2066,46.jpg,3000,4000
Oi,471,888,1785,2092,47.jpg,3000,4000
Oi,243,1090,1890,2453,48.jpg,3000,4000
Oi,551,1442,1670,2013,49.jpg,3000,4000
Oi,533,1327,1785,2145,50.jpg,3000,4000
Oi,665,1609,1670,1996,51.jpg,3000,4000
Oi,489,1301,1837,2312,52.jpg,3000,4000
Oi,427,1284,1793,2163,53.jpg,3000,4000
Oi,656,1336,1811,2031,54.jpg,3000,4000
Oi,603,1327,1547,1925,55.jpg,3000,4000
Oi,647,976,1837,2066,56.jpg,3000,4000
Oi,524,1046,1662,2031,57.jpg,3000,4000
Oi,524,862,1846,2075,58.jpg,3000,4000
Oi,656,941,1749,2057,59.jpg,3000,4000
Oi,568,1257,1881,2207,60.jpg,3000,4000
Oi,559,1222,1811,2224,61.jpg,3000,4000
Oi,638,1705,1459,1776,62.jpg,3000,4000
Oi,357,1099,1829,2198,63.jpg,3000,4000
Oi,577,1266,1582,1846,64.jpg,3000,4000
Oi,568,1143,1829,2101,65.jpg,3000,4000
Oi,656,1327,1776,2127,66.jpg,3000,4000
Oi,471,1512,1662,1943,67.jpg,3000,4000
Oi,929,1398,1521,1723,68.jpg,3000,4000
Oi,454,1468,1785,2180,69.jpg,3000,4000
Oi,735,1547,1521,1890,70.jpg,3000,4000
Oi,603,1653,1565,1978,71.jpg,3000,4000
Oi,937,1240,1301,1644,72.jpg,3000,4000
Oi,814,1345,1266,1547,73.jpg,3000,4000
Oi,665,712,1538,1925,74.jpg,3000,4000
Oi,797,897,1442,1802,75.jpg,3000,4000
Oi,586,879,1758,2101,76.jpg,3000,4000
Oi,665,651,1855,2356,77.jpg,3000,4000
Oi,665,607,1635,1987,78.jpg,3000,4000
Oi,533,1178,1776,2180,79.jpg,3000,4000
Oi,656,1011,1521,1925,80.jpg,3000,4000
Oi,788,1292,1363,1723,81.jpg,3000,4000
Oi,700,1459,1319,1582,82.jpg,3000,4000
Oi,551,1477,1653,2066,83.jpg,3000,4000
Oi,551,1380,1705,2110,84.jpg,3000,4000
Oi,551,1248,1723,2312,85.jpg,3000,4000
Oi,867,932,1292,1679,86.jpg,3000,4000
Oi,779,1037,1459,1899,87.jpg,3000,4000
Oi,603,853,1521,1952,88.jpg,3000,4000
Oi,559,1108,1705,2171,89.jpg,3000,4000
Oi,718,1055,1644,2119,90.jpg,3000,4000
Oi,647,1002,1635,2136,91.jpg,3000,4000
Oi,885,1099,1811,2338,92.jpg,3000,4000
Oi,647,1055,1969,2435,93.jpg,3000,4000
Oi,912,794,1757,1331,94.jpg,4000,3000
Oi,709,1055,1670,2382,95.jpg,3000,4000
Oi,586,967,1697,2470,96.jpg,3000,4000
Oi,603,985,1899,2725,97.jpg,3000,4000
Oi,621,1011,1846,2602,98.jpg,3000,4000
Oi,744,1609,1415,2040,99.jpg,3000,4000
Oi,551,1635,1407,2013,100.jpg,3000,4000
